"MessageId","TimeStamp","AccountId","CurrentUsage","ExpiryTime","LimitAmount","LimitCode","LimitName","Region","Resource","Service","Source","Status"
"c162e339-0e2e-43b8-ab53-9cc54ab6066c","2024-12-14T01:15:00.000Z","301664410103","0%","1735504280","100%","L-7278F198","StartThingRegistrationTask API TPS","ap-southeast-1","StartThingRegistrationTask","IoT","aws-solutions.quota-monitor","OK"
"6d77d678-4f56-49bd-9fa6-658b231de030","2024-12-13T22:15:00.000Z","301664410103","0%","1735526781","100%","L-211F680E","UpdateThing API TPS","us-east-1","UpdateThing","IoT","aws-solutions.quota-monitor","OK"
"11bf1867-dc19-48f4-9c36-bcb9182ec5bf","2024-12-14T08:11:00.000Z","405142580014","0%","1735544781","100%","L-275D92F3","UpdateCustomKeyStore request rate","us-east-1","UpdateCustomKeyStore","KMS","aws-solutions.quota-monitor","OK"
"0b92960b-653b-4a45-8c04-5a1f81dc2d06","2024-12-14T12:14:00.000Z","301664410103","0%","1735595780","100%","L-0451886A","CreateAgentActionGroup requests per second","ap-southeast-1","CreateAgentActionGroup","Bedrock","aws-solutions.quota-monitor","OK"
"3b3b0bb0-35f8-4780-8041-34c902ce23ec","2024-12-13T21:15:00.000Z","301664410103","0%","1735461980","100%","L-8E63548F","UpdateAgentKnowledgeBase requests per second","us-east-1","UpdateAgentKnowledgeBase","Bedrock","aws-solutions.quota-monitor","OK"
"ee6b8b09-de86-4124-83d0-d4cf9a4fadf5","2024-12-14T13:11:00.000Z","405142580014","0%","1735586781","100%","L-787608AB","Number of NetworkSettings","ap-southeast-1","NetworkSettings","Amazon WorkSpaces Secure Browser","aws-solutions.quota-monitor","OK"
"728f1238-8bc0-462b-b980-fffe91811c63","2024-12-14T04:14:00.000Z","301664410103","0%","1735555581","100%","L-BBECF742","TagLogGroup throttle limit in transactions per second","ap-southeast-1","TagLogGroup","Logs","aws-solutions.quota-monitor","OK"
"ab49a00f-8b61-4d23-aff0-f2b12ee39a80","2024-12-14T05:11:00.000Z","405142580014","0%","1735536980","100%","L-BD96F100","EnableKey request rate","ap-southeast-1","EnableKey","KMS","aws-solutions.quota-monitor","OK"
"3df11eff-c903-4da8-b75c-c24068628ef0","2024-12-14T03:11:00.000Z","405142580014","0%","1735479081","100%","L-52964454","Certificates per Network Load Balancer","ap-southeast-1","CertificatesPerNetworkLoadBalancer","Elastic Load Balancing","aws-solutions.quota-monitor","OK"
"0ce19cb2-64a8-4ea5-97cd-fd95c36f49b6","2024-12-14T09:14:00.000Z","301664410103","0%","1735564881","100%","L-3B6F7C26","Rate of DescribeMap API requests","ap-southeast-1","DescribeMap","Location","aws-solutions.quota-monitor","OK"
"b1ad9cb8-c10e-4a3d-85de-056e913b8a5a","2024-12-14T02:11:00.000Z","405142580014","0%","1735481780","100%","L-D127B7BE","ListTagsForResource API TPS","ap-southeast-1","ListTagsForResource","IoT","aws-solutions.quota-monitor","OK"
"8968588b-5a56-4856-a594-5c088b85f2a4","2024-12-14T13:11:00.000Z","405142580014","0%","1735586480","100%","L-A01C9633","Rate of UserPoolResourceRead requests per account","ap-southeast-1","UserPoolResourceRead","Cognito User Pool","aws-solutions.quota-monitor","OK"
"d773ecd8-23b6-436e-8429-5737af226f33","2024-12-13T16:11:00.000Z","405142580014","0%","1735442480","100%","L-D750D224","Rate of DisableAlarmActions requests","us-east-1","DisableAlarmActions","CloudWatch","aws-solutions.quota-monitor","OK"
"ae3854c1-96b3-4895-9b5b-ee36d6a06e61","2024-12-14T03:14:00.000Z","301664410103","0%","1735504881","100%","L-D22B0B1B","CreateEventIntegration rate quota","ap-southeast-1","CreateEventIntegration","AppIntegrations","aws-solutions.quota-monitor","OK"
"e0e15152-5cc6-4136-9929-6afe6e4328af","2024-12-14T06:14:00.000Z","301664410103","0%","1735555581","100%","L-ACAEE94E","DescribeExportTasks throttle limit in transactions per second","ap-southeast-1","DescribeExportTasks","Logs","aws-solutions.quota-monitor","OK"
"d689b787-4ee0-4cd6-8b22-a48b99ac7f4a","2024-12-14T06:14:00.000Z","301664410103","0%","1735551680","100%","L-F83AC7F7","UpdatePrimaryRegion request rate","ap-southeast-1","UpdatePrimaryRegion","KMS","aws-solutions.quota-monitor","OK"
"ddffa919-3b4a-4926-865d-4d3dc3487619","2024-12-13T17:11:00.000Z","405142580014","0%","1735430181","100%","L-81AF5123","The maximum number of DescribeCluster API requests that you can make per second.","ap-southeast-1","DescribeCluster","EMR","aws-solutions.quota-monitor","OK"
"074890bc-3c8c-4065-88af-5c05712e2bcb","2024-12-13T19:11:00.000Z","405142580014","0%","1735440681","100%","L-FDFA5F81","Registered clusters","us-east-1","RegisteredClusterCount","EKS","aws-solutions.quota-monitor","OK"
"e4ed9c47-e124-41cc-9328-7978e125c434","2024-12-14T06:15:00.000Z","301664410103","0%","1735557681","100%","L-3032A538","Fargate On-Demand vCPU resource count","us-east-1","vCPU","Fargate","aws-solutions.quota-monitor","OK"
"bfbd17ae-9390-4602-a1c5-383f10272834","2024-12-14T07:11:00.000Z","405142580014","0%","1735553781","100%","L-A9D9612A","Rate of CreateSession requests","us-east-1","CreateSession","RolesAnywhere","aws-solutions.quota-monitor","OK"
"6aae48da-e13d-4c14-8e5c-06fcafb7b471","2024-12-13T21:14:00.000Z","301664410103","0%","1735457181","100%","L-161E93A6","ListRetirableGrants request rate","ap-southeast-1","ListRetirableGrants","KMS","aws-solutions.quota-monitor","OK"
"302d3d2e-dc65-42e9-bfb4-bec9429bca70","2024-12-13T22:11:00.000Z","405142580014","0%","1735505181","100%","L-D39AB822","ListGrants request rate","us-east-1","ListGrants","KMS","aws-solutions.quota-monitor","OK"
"a69f142b-f53c-4c8a-803b-7165775711be","2024-12-13T20:11:00.000Z","405142580014","0%","1735452980","100%","L-DDCF8E97","DescribeThingType API TPS","us-east-1","DescribeThingType","IoT","aws-solutions.quota-monitor","OK"
"1f783996-38de-42a7-8f5b-b0a91dfeefe8","2024-12-14T03:11:00.000Z","405142580014","0%","1735485081","100%","L-86127B31","Throttle rate for TagResource","us-east-1","TagResource","Service Quotas","aws-solutions.quota-monitor","OK"
"707c1473-4a7d-453e-931b-961684c3ea9a","2024-12-13T21:15:00.000Z","301664410103","0%","1735465581","100%","L-0017E049","Combined rate of CRL requests","us-east-1","CRL","RolesAnywhere","aws-solutions.quota-monitor","OK"
"6a5ffb5b-5542-45be-a426-99aff154adb7","2024-12-14T05:11:00.000Z","405142580014","0%","1735523782","100%","L-46BC975A","CreatePrompt requests per second","ap-southeast-1","CreatePrompt","Bedrock","aws-solutions.quota-monitor","OK"
"0fcca46c-f4ad-4e87-92bc-80bebb4978ec","2024-12-13T19:14:00.000Z","301664410103","0%","1735460181","100%","L-66AE0662","Transactions per second (TPS) for the GetResourcePolicy API","ap-southeast-1","GetResourcePolicy","CloudTrail","aws-solutions.quota-monitor","OK"
"e492cb97-446a-4de2-8edb-6dbd7cbb491e","2024-12-13T18:11:00.000Z","405142580014","0%","1735431381","100%","L-8A08DAEA","ListKeys request rate","ap-southeast-1","ListKeys","KMS","aws-solutions.quota-monitor","OK"
"37c81b21-d9fe-43a0-a7d2-e6a677e9de93","2024-12-13T23:11:00.000Z","405142580014","0%","1735493781","100%","L-B86F3D29","Maximum number of Amazon Q Apps that a single web experience user can create.","us-east-1","QAppCountPerUser","Amazon Q Apps","aws-solutions.quota-monitor","OK"
"13c2fb2f-b3e8-47c4-9d84-4c4bc43756bc","2024-12-13T19:11:00.000Z","405142580014","0%","1735434981","100%","L-171660E4","ListKeyRotations request rate","ap-southeast-1","ListKeyRotations","KMS","aws-solutions.quota-monitor","OK"
"d06cee48-0d60-4e01-8538-7bf8ee4f1474","2024-12-14T08:11:00.000Z","405142580014","0%","1735524980","100%","L-61103206","Topics per Account","ap-southeast-1","ApproximateNumberOfTopics","SNS","aws-solutions.quota-monitor","OK"
"905c3c16-b28f-4ded-b358-a1afb065f70f","2024-12-13T20:11:00.000Z","405142580014","0%","1735425980","100%","L-5D46E37D","ListDataIntegrationAssociations rate quota","ap-southeast-1","ListDataIntegrationAssociations","AppIntegrations","aws-solutions.quota-monitor","OK"
"67d0abda-228c-49c6-aeaf-5378a1ea3fa8","2024-12-14T03:15:00.000Z","301664410103","0%","1735518981","100%","L-B22855CB","Target Groups per Region","us-east-1","TargetGroupsPerRegion","Elastic Load Balancing","aws-solutions.quota-monitor","OK"
"c1cd2399-9c60-42ef-9168-c180b3baf521","2024-12-14T14:11:00.000Z","405142580014","0%","1735587081","100%","L-7AB759D6","Rate of UpdateServiceLevelObjective requests","us-east-1","UpdateServiceLevelObjective","CloudWatch Application Signals","aws-solutions.quota-monitor","OK"
"7b32d4c4-aadc-4a39-9a34-05e28221c1d7","2024-12-14T11:14:00.000Z","301664410103","0%","1735593680","100%","L-7E1FAE88","PutLogEvents throttle limit in transactions per second","ap-southeast-1","PutLogEvents","Logs","aws-solutions.quota-monitor","OK"
"f9fe5fa0-eac0-4780-86fe-0fb75d6a5252","2024-12-13T22:15:00.000Z","301664410103","0%","1735518681","100%","L-102075A9","Transactions per second (TPS) for the GetImport API","us-east-1","GetImport","CloudTrail","aws-solutions.quota-monitor","OK"
"2421779c-4d79-43f9-b6eb-21c0a0d2f863","2024-12-14T07:15:00.000Z","301664410103","0%","1735550181","100%","L-EBC99F5D","Transactions per second (TPS) for the StartQuery API","ap-southeast-1","StartQuery","CloudTrail","aws-solutions.quota-monitor","OK"
"02ba06b9-9ba3-45f6-8141-6facd6c2675c","2024-12-13T20:11:00.000Z","405142580014","0%","1735444881","100%","L-4DFA3D2F","GraphQL APIs - APIs per region","us-east-1","GraphQLAPIs","AppSync","aws-solutions.quota-monitor","OK"
"c28eee28-afad-4e54-bd42-b080881bf03e","2024-12-14T02:15:00.000Z","301664410103","0%","1735521381","100%","L-FC5F6546","Active DML queries","us-east-1","ActiveQueryCount","Athena","aws-solutions.quota-monitor","OK"
"1c4b4607-869e-4c9d-bb6c-86dea0cd1454","2024-12-14T06:15:00.000Z","301664410103","0%","1735572681","100%","L-83C5ACEF","Request rate for PutPolicy","us-east-1","PutPolicy","MediaConvert","aws-solutions.quota-monitor","OK"
"c48eb475-419c-4e89-ab37-24b3e7856be8","2024-12-14T05:14:00.000Z","301664410103","0%","1735560981","100%","L-871FF812","UpdateAgentAlias requests per second","ap-southeast-1","UpdateAgentAlias","Bedrock","aws-solutions.quota-monitor","OK"
"6f504bef-7eff-40ef-8269-3ed45ad2ef8d","2024-12-14T06:11:00.000Z","405142580014","0%","1735536681","100%","L-6B8C93BD","DisableKey request rate","ap-southeast-1","DisableKey","KMS","aws-solutions.quota-monitor","OK"
"fdeebcda-a838-460d-b61d-024185d22875","2024-12-14T11:11:00.000Z","405142580014","0%","1735585581","100%","L-BEB90E24","DescribeDestinations throttle limit in transactions per second","us-east-1","DescribeDestinations","Logs","aws-solutions.quota-monitor","OK"
"a0937c9d-6ca7-4dd1-aa67-91009ed892b0","2024-12-13T23:11:00.000Z","405142580014","0%","1735476081","100%","L-C1E19420","ListSMSSandboxPhoneNumbers Transactions per Second","ap-southeast-1","ListSMSSandboxPhoneNumbers","SNS","aws-solutions.quota-monitor","OK"
"7ec2ec1a-6942-4608-abaa-ce75cf207997","2024-12-13T19:15:00.000Z","301664410103","0%","1735473381","100%","L-52E1E197","DescribeThingGroup API TPS","us-east-1","DescribeThingGroup","IoT","aws-solutions.quota-monitor","OK"
"7ceaeeba-8d1c-48e0-af96-0749707fee12","2024-12-13T20:11:00.000Z","405142580014","0%","1735427481","100%","L-1CD226BD","TestMetricFilter throttle limit in transactions per second","ap-southeast-1","TestMetricFilter","Logs","aws-solutions.quota-monitor","OK"
"610dbd1a-959c-4985-8e69-0caeb60bca09","2024-12-14T14:11:00.000Z","405142580014","0%","1735585580","100%","L-0ABA0A81","CreatePromptVersion requests per second","ap-southeast-1","CreatePromptVersion","Bedrock","aws-solutions.quota-monitor","OK"
"f06a3efd-a22b-4e1b-afee-5f7abf52d5ec","2024-12-14T04:11:00.000Z","405142580014","0%","1735541781","100%","L-226FBD21","TagResource rate quota","us-east-1","TagResource","AppIntegrations","aws-solutions.quota-monitor","OK"
"4d92069a-5691-4701-b87f-ec668ff40f69","2024-12-14T07:11:00.000Z","405142580014","0%","1735531581","100%","L-16E39BCB","TagResource throttle limit in transactions per second","ap-southeast-1","TagResource","Textract","aws-solutions.quota-monitor","OK"
"ac48302c-c9a4-44f5-b6a8-2a2e0fd50c70","2024-12-13T19:15:00.000Z","301664410103","0%","1735467081","100%","L-438B53F5","Request rate for DeleteJobTemplate","us-east-1","DeleteJobTemplate","MediaConvert","aws-solutions.quota-monitor","OK"
"98a4445d-570c-4eb7-aa43-df739d6b52e8","2024-12-13T20:15:00.000Z","301664410103","0%","1735470081","100%","L-856966E8","OptInPhoneNumber Transactions per Second","us-east-1","OptInPhoneNumber","SNS","aws-solutions.quota-monitor","OK"
"6ce341ab-8b30-43de-b9b1-217efe78ab92","2024-12-14T14:11:00.000Z","405142580014","0%","1735581380","100%","L-05D334F0","Rate of ListMetrics requests","us-east-1","ListMetrics","CloudWatch","aws-solutions.quota-monitor","OK"
"04026d25-bdc3-45fd-bb2b-4be31f57cb8a","2024-12-14T12:11:00.000Z","405142580014","0%","1735593381","100%","L-779B9CA5","Rate of DeleteGeofenceCollection API requests","us-east-1","DeleteGeofenceCollection","Location","aws-solutions.quota-monitor","OK"
"777f936e-fd56-4e35-877b-6bbfdbea37e7","2024-12-14T03:15:00.000Z","301664410103","0%","1735522581","100%","L-7F1DBFAE","DeprecateThingType API TPS","us-east-1","DeprecateThingType","IoT","aws-solutions.quota-monitor","OK"
"170968c2-39c4-4986-a057-083bb1901144","2024-12-13T18:14:00.000Z","301664410103","0%","1735451181","100%","L-A487133E","Request rate for CreateQueue","ap-southeast-1","CreateQueue","MediaConvert","aws-solutions.quota-monitor","OK"
"9e3c959b-37f6-493d-91e7-c7d9d5020c44","2024-12-13T19:15:00.000Z","301664410103","0%","1735468882","100%","L-AE4BC073","The maximum number of SetKeepJobFlowAliveWhenNoSteps API requests that you can make per second.","us-east-1","SetKeepJobFlowAliveWhenNoSteps","EMR","aws-solutions.quota-monitor","OK"
"0340f63e-c15c-4f34-893a-ab2b947c0498","2024-12-14T03:11:00.000Z","405142580014","0%","1735497381","100%","L-2EE2434F","GetSMSSandboxAccountStatus Transactions per Second","us-east-1","GetSMSSandboxAccountStatus","SNS","aws-solutions.quota-monitor","OK"
"c44908c1-a6bb-41f5-8637-e9eb2808ebf9","2024-12-13T23:11:00.000Z","405142580014","0%","1735485680","100%","L-5CCC34E8","Rate of PutSinkPolicy requests","ap-southeast-1","PutSinkPolicy","Observability Access Manager","aws-solutions.quota-monitor","OK"
"786e17b4-cc50-40f2-84a1-fbe754003a73","2024-12-14T08:15:00.000Z","301664410103","0%","1735554381","100%","L-FA210A1F","Maximum number of configuration profiles per application","us-east-1","ConfigurationProfilesPerApplication","AWS AppConfig","aws-solutions.quota-monitor","OK"
"167a7808-e678-4f8e-8b37-6eb387464772","2024-12-14T06:11:00.000Z","405142580014","0%","1735528280","100%","L-3BE1AAB0","Rate of ListImportTasks API requests","ap-southeast-1","ListImportTasks","NeptuneGraph","aws-solutions.quota-monitor","OK"
"34b74cd9-5cf6-4047-8a1c-1c5e88aa30b3","2024-12-14T02:15:00.000Z","301664410103","0%","1735517481","100%","L-705B9E79","ConnectCustomKeyStore request rate","us-east-1","ConnectCustomKeyStore","KMS","aws-solutions.quota-monitor","OK"
"f13f41bd-f37c-4d21-87a4-4bcd85bfd5ac","2024-12-14T01:15:00.000Z","301664410103","0%","1735507882","100%","L-75A471E3","Request rate for UpdateJobTemplate","us-east-1","UpdateJobTemplate","MediaConvert","aws-solutions.quota-monitor","OK"
"a6803568-96b4-4a3b-820c-6462c69beb7a","2024-12-14T03:15:00.000Z","301664410103","0%","1735511780","100%","L-A01C9633","Rate of UserPoolResourceRead requests per account","us-east-1","UserPoolResourceRead","Cognito User Pool","aws-solutions.quota-monitor","OK"
"eb5e05b6-51d8-401a-af80-0049291c7689","2024-12-14T00:14:00.000Z","301664410103","0%","1735507881","100%","L-A21DE5E2","The maximum number of RunJobFlow API requests that you can make per second.","ap-southeast-1","RunJobFlow","EMR","aws-solutions.quota-monitor","OK"
"df064f0e-d847-47ff-8633-0ad8f9a396bc","2024-12-13T21:11:00.000Z","405142580014","0%","1735437081","100%","L-8A08DAEA","ListKeys request rate","ap-southeast-1","ListKeys","KMS","aws-solutions.quota-monitor","OK"
"c0536d96-d591-4bd7-be07-09be1440aeaf","2024-12-14T12:11:00.000Z","405142580014","0%","1735578980","100%","L-2A3A5399","Rate of ListGeofences API requests","ap-southeast-1","ListGeofences","Location","aws-solutions.quota-monitor","OK"
"a08378e9-ef97-4168-9106-5ca335d42039","2024-12-13T16:14:00.000Z","301664410103","0%","1735461381","100%","L-EE822245","DescribeCertificateProvider API TPS","ap-southeast-1","DescribeCertificateProvider","IoT","aws-solutions.quota-monitor","OK"
"ea2e99b5-b696-41f2-991e-eb75fd5ee2ff","2024-12-14T09:11:00.000Z","405142580014","0%","1735553781","100%","L-787E531D","Rate of StartMetricStreams requests","us-east-1","StartMetricStreams","CloudWatch","aws-solutions.quota-monitor","OK"
"fe7db7f5-fd0c-4b69-9c50-95ca5258c6c0","2024-12-14T01:11:00.000Z","405142580014","0%","1735489281","100%","L-0017E049","Combined rate of CRL requests","us-east-1","CRL","RolesAnywhere","aws-solutions.quota-monitor","OK"
"b6aee3c3-2296-4a1f-b5ad-f503e5c34add","2024-12-14T01:11:00.000Z","405142580014","0%","1735497081","100%","L-34F6A552","Account-level read throughput limit (Provisioned mode)","us-east-1","AccountProvisionedReadCapacityUnits","DynamoDB","aws-solutions.quota-monitor","OK"
"6a3b11c9-aee5-47fd-994e-a9f3879fb689","2024-12-14T08:15:00.000Z","301664410103","0%","1735560980","100%","L-BEC68768","Transactions per second (TPS) for the CreateChannel API","ap-southeast-1","CreateChannel","CloudTrail","aws-solutions.quota-monitor","OK"
"6d92b158-2710-4118-97d7-28f74d473191","2024-12-13T23:11:00.000Z","405142580014","0%","1735476681","100%","L-355F669C","Rate of GetRecommendation API requests","us-east-1","GetRecommendation","TrustedAdvisor","aws-solutions.quota-monitor","OK"
"41a63118-cf66-403f-8134-6e491f307b0b","2024-12-14T03:14:00.000Z","301664410103","0%","1735506680","100%","L-C482C4CA","GetAgentVersion requests per second","ap-southeast-1","GetAgentVersion","Bedrock","aws-solutions.quota-monitor","OK"
"9d57b791-19be-4d98-8b32-d6350b0f311f","2024-12-13T17:15:00.000Z","301664410103","0%","1735464381","100%","L-D6554FB1","Simulation applications","us-east-1","SimulationApplication","RoboMaker","aws-solutions.quota-monitor","OK"
"122571de-b2d4-4b25-913b-9bb1af6ca304","2024-12-14T10:11:00.000Z","405142580014","0%","1735602081","100%","L-09101E66","Concurrently executing Automations","us-east-1","ConcurrentAutomationUsage","SSM","aws-solutions.quota-monitor","OK"
"3dcb0e94-360d-4350-b755-f9fa18768e65","2024-12-14T04:11:00.000Z","405142580014","0%","1735542681","100%","L-6FE8607E","Rate of ListTagsForResource requests","us-east-1","ListTagsForResource","Observability Access Manager","aws-solutions.quota-monitor","OK"
"eafdd5dc-fe32-482e-a1c2-1293f85b62c7","2024-12-14T12:11:00.000Z","405142580014","0%","1735608680","100%","L-5D84F9FE","UpdateThingGroup API TPS","us-east-1","UpdateThingGroup","IoT","aws-solutions.quota-monitor","OK"
"beff087a-382d-45bc-a6db-fd70b35d36a3","2024-12-14T08:15:00.000Z","301664410103","0%","1735577180","100%","L-FF07E5EA","ConfirmSubscription Transactions per Second","us-east-1","ConfirmSubscription","SNS","aws-solutions.quota-monitor","OK"
"4b034ae7-2f6e-4e95-8a4f-eab73a0d18f6","2024-12-15T18:11:00.000Z","405142580014","0%","1735614081","100%","L-707418DE","CreateAgent requests per second","ap-southeast-1","CreateAgent","Bedrock","aws-solutions.quota-monitor","OK"
"e8c015bf-7f03-41d9-ad1b-76bfee5c0864","2024-12-13T21:11:00.000Z","405142580014","0%","1735426280","100%","L-A3642506","Transactions per second (TPS) for the SendAutomationSignal API","ap-southeast-1","SendAutomationSignal","SSM","aws-solutions.quota-monitor","OK"
"d23e3b2d-9ed5-49cc-b4b3-e669c87e8db4","2024-12-14T01:11:00.000Z","405142580014","0%","1735488981","100%","L-6FE8607E","Rate of ListTagsForResource requests","us-east-1","ListTagsForResource","Observability Access Manager","aws-solutions.quota-monitor","OK"
"4b2066ec-05ff-49ab-98e5-18c291d532dc","2024-12-14T07:15:00.000Z","301664410103","0%","1735576881","100%","L-B3509C67","VerifySMSSandboxPhoneNumber Transactions per Second","us-east-1","VerifySMSSandboxPhoneNumber","SNS","aws-solutions.quota-monitor","OK"
"29a9835d-e3b8-418f-921d-1fec7976dded","2024-12-14T11:11:00.000Z","405142580014","0%","1735577180","100%","L-86AA5564","Rate of DescribeInsightRules requests","us-east-1","DescribeInsightRules","CloudWatch","aws-solutions.quota-monitor","OK"
"723926ee-a94d-49f6-b83f-aa41ea2cee37","2024-12-14T14:14:00.000Z","301664410103","0%","1735598180","100%","L-9D43025B","DescribeSubscriptionFilters throttle limit in transactions per second","ap-southeast-1","DescribeSubscriptionFilters","Logs","aws-solutions.quota-monitor","OK"
"484e342c-63fe-4390-ba77-3a193b45ca38","2024-12-13T22:15:00.000Z","301664410103","0%","1735512380","100%","L-0C6E4BCB","ListDatabases request rate","us-east-1","ListDatabases","Timestream","aws-solutions.quota-monitor","OK"
"710a6b39-6fe5-4580-a3e2-805006805ec3","2024-12-14T05:14:00.000Z","301664410103","0%","1735554081","100%","L-07582D55","DeleteApplication rate quota","ap-southeast-1","DeleteApplication","AppIntegrations","aws-solutions.quota-monitor","OK"
"b5b2427a-cad9-466d-9c18-c61ea9ee6558","2024-12-14T04:11:00.000Z","405142580014","0%","1735536080","100%","L-75788A8B","DetectDocumentText throttle limit in transactions per second","us-east-1","DetectDocumentText","Textract","aws-solutions.quota-monitor","OK"
"102a3f53-c087-48a3-ad91-2ba28438d2a7","2024-12-14T12:14:00.000Z","301664410103","0%","1735611381","100%","L-0428A42E","CreateGrant request rate","ap-southeast-1","CreateGrant","KMS","aws-solutions.quota-monitor","OK"
"76053cc9-8af8-46cd-acfb-5954bb4ad52d","2024-12-14T11:11:00.000Z","405142580014","0%","1735587081","100%","L-BC1D91EF","Rate of CreateServiceLevelObjective requests","us-east-1","CreateServiceLevelObjective","CloudWatch Application Signals","aws-solutions.quota-monitor","OK"
"3b7c73cf-9192-49d8-869b-e9529fd2c796","2024-12-14T01:11:00.000Z","405142580014","0.00007777777777777778%","1735482981","100%","L-7E1FAE88","PutLogEvents throttle limit in transactions per second","ap-southeast-1","PutLogEvents","Logs","aws-solutions.quota-monitor","OK"
"a50e7d0a-f02b-40ef-8074-817b1370e00d","2024-12-14T01:11:00.000Z","405142580014","0%","1735507880","100%","L-8A769EC2","Rate of CreateMap API requests","us-east-1","CreateMap","Location","aws-solutions.quota-monitor","OK"
"542f4765-91d1-4684-bf5f-518c61ca0a5a","2024-12-13T22:15:00.000Z","301664410103","0%","1735512381","100%","L-506D2B91","Number of ListTransactions requests per second","us-east-1","ListTransactions","Amazon Managed Blockchain Query","aws-solutions.quota-monitor","OK"
"6aee90d2-36d8-4ec7-92ad-61852ae172b9","2024-12-15T17:11:00.000Z","405142580014","0%","1735597881","100%","L-17A1180D","Rate of GetSink requests","ap-southeast-1","GetSink","Observability Access Manager","aws-solutions.quota-monitor","OK"
"9e3291ba-6cef-4825-b9bd-55896ba2caf9","2024-12-13T20:14:00.000Z","301664410103","0%","1735458680","100%","L-D317DBA8","Rate of ListPrivateGraphEndpoints API requests","ap-southeast-1","ListPrivateGraphEndpoints","NeptuneGraph","aws-solutions.quota-monitor","OK"
"1f49a96b-5215-4c54-8d7f-0189b6cd75cd","2024-12-14T06:11:00.000Z","405142580014","0%","1735536681","100%","L-55E3CA17","FilterLogEvents throttle limit in transactions per second","us-east-1","FilterLogEvents","Logs","aws-solutions.quota-monitor","OK"
"ce5d58fa-9f6e-40f8-8991-ddeefda4e825","2024-12-14T06:14:00.000Z","301664410103","0%","1735550481","100%","L-61591119","Concurrent GPU simulation jobs","ap-southeast-1","ActiveSimulationJob","RoboMaker","aws-solutions.quota-monitor","OK"
"851e1f90-187d-4471-af03-ff678c4c45c8","2024-12-13T18:11:00.000Z","405142580014","0%","1735427480","100%","L-66F5762A","DeleteRetentionPolicy throttle limit in transactions per second","ap-southeast-1","DeleteRetentionPolicy","Logs","aws-solutions.quota-monitor","OK"
"6206e420-36b0-4295-8210-ba02836dba1f","2024-12-14T10:11:00.000Z","405142580014","0%","1735568181","100%","L-DCD81945","Rate of ListGraphs API requests","ap-southeast-1","ListGraphs","NeptuneGraph","aws-solutions.quota-monitor","OK"
"c8ca375f-41fa-48a6-a573-5bb361944c82","2024-12-14T14:11:00.000Z","405142580014","0%","1735607480","100%","L-876E1222","GetSubscriptionAttributes Transactions per Second","us-east-1","GetSubscriptionAttributes","SNS","aws-solutions.quota-monitor","OK"
"e575e078-9a45-4d26-8d6a-b650086bac6e","2024-12-14T14:11:00.000Z","405142580014","0%","1735593380","100%","L-1F0C4E0C","Rate of GetInsightRuleReport requests","us-east-1","GetInsightRuleReport","CloudWatch","aws-solutions.quota-monitor","OK"
"0f76d2be-e5d4-421e-aba5-b2a02ff63d96","2024-12-14T09:15:00.000Z","301664410103","0%","1735568480","100%","L-1CD226BD","TestMetricFilter throttle limit in transactions per second","us-east-1","TestMetricFilter","Logs","aws-solutions.quota-monitor","OK"
"82231645-2764-479e-9864-b6f15001f0ee","2024-12-13T16:15:00.000Z","301664410103","0%","1735467681","100%","L-6CA5AFAC","Request rate for ListJobTemplates","us-east-1","ListJobTemplates","MediaConvert","aws-solutions.quota-monitor","OK"
"ad7891b0-d474-47a7-afd0-c423702e75b8","2024-12-14T09:15:00.000Z","301664410103","0%","1735572681","100%","L-16B46EF0","GenerateDataKeyPair (ECC_NIST_P384) request rate","us-east-1","GenerateDataKeyPair-ECC_NIST_P384","KMS","aws-solutions.quota-monitor","OK"
"060d3844-efa3-4a78-b2bd-f66597cac1d0","2024-12-14T02:15:00.000Z","301664410103","0%","1735493480","100%","L-FC5F6546","Active DML queries","ap-southeast-1","ActiveQueryCount","Athena","aws-solutions.quota-monitor","OK"
"6a30f045-55b2-438b-a81f-7f2b0e782f95","2024-12-14T09:15:00.000Z","301664410103","0%","1735564581","100%","L-BCE17F1C","Combined rate of tagging requests","us-east-1","Tagging","RolesAnywhere","aws-solutions.quota-monitor","OK"
"220bd59a-6bc2-4b93-a5d6-0d5408a07b23","2024-12-14T07:11:00.000Z","405142580014","0%","1735542980","100%","L-2A4525B6","Transactions per second (TPS) for the PutEventSelectors API","ap-southeast-1","PutEventSelectors","CloudTrail","aws-solutions.quota-monitor","OK"
"5a9ddecc-b8a1-4378-b3c4-8b5be9efc9d1","2024-12-14T05:11:00.000Z","405142580014","0%","1735520481","100%","L-56B91A0A","DeleteSubscriptionFilter throttle limit in transactions per second","ap-southeast-1","DeleteSubscriptionFilter","Logs","aws-solutions.quota-monitor","OK"
"cdb13371-d050-43f9-9db8-241f5ef846d7","2024-12-13T22:14:00.000Z","301664410103","0%","1735502180","100%","L-1A26F220","Combined rate of subject requests","ap-southeast-1","Subject","RolesAnywhere","aws-solutions.quota-monitor","OK"
"ee0f69e3-12fe-4f6d-be4e-6a7b3593f8ae","2024-12-13T16:11:00.000Z","405142580014","0%","1735446680","100%","L-2BC3F4E3","GetFlowAlias requests per second","us-east-1","GetFlowAlias","Bedrock","aws-solutions.quota-monitor","OK"
"528683a8-926a-4d26-b093-451693f840f7","2024-12-13T17:11:00.000Z","405142580014","0%","1735440681","100%","L-E82C279D","Rate of GetDashboard requests","us-east-1","GetDashboard","CloudWatch","aws-solutions.quota-monitor","OK"
"a98d591e-14f8-48a4-8f15-b96bab602185","2024-12-14T13:11:00.000Z","405142580014","0%","1735592781","100%","L-6753900D","Rate of PutDashboard requests","us-east-1","PutDashboard","CloudWatch","aws-solutions.quota-monitor","OK"
"c805b500-3a6c-4b96-a5f4-bf106c88b6f2","2024-12-14T02:11:00.000Z","405142580014","0%","1735485981","100%","L-14BB0BE7","Delivery streams","us-east-1","DeliveryStreams","Firehose","aws-solutions.quota-monitor","OK"
"cef121d6-ca64-4142-8b21-334ab857f558","2024-12-14T06:14:00.000Z","301664410103","0%","1735543282","100%","L-143B6A4E","Rate of DeleteSink requests","ap-southeast-1","DeleteSink","Observability Access Manager","aws-solutions.quota-monitor","OK"
"18e38ec5-7351-42ce-aff1-7265d536a5b6","2024-12-14T11:14:00.000Z","301664410103","0%","1735594881","100%","L-14BB0BE7","Delivery streams","ap-southeast-1","DeliveryStreams","Firehose","aws-solutions.quota-monitor","OK"
"76283411-d658-4a5f-832e-3a24c74db77d","2024-12-13T22:14:00.000Z","301664410103","0%","1735498280","100%","L-E1E48E53","CreatePlatformEndpoint Transactions per Second","ap-southeast-1","CreatePlatformEndpoint","SNS","aws-solutions.quota-monitor","OK"
"c462d432-be86-49bb-ac1a-964945639b34","2024-12-14T00:14:00.000Z","301664410103","0%","1735504581","100%","L-C15B8AA6","DeleteFlow requests per second","ap-southeast-1","DeleteFlow","Bedrock","aws-solutions.quota-monitor","OK"
"a50ba1fb-8d26-4450-be59-4984d6c684cd","2024-12-13T22:11:00.000Z","405142580014","0%","1735490481","100%","L-0C9B84F1","Rate of GetLink requests","us-east-1","GetLink","Observability Access Manager","aws-solutions.quota-monitor","OK"
"ba06f551-da51-427f-89f2-57254f72b69c","2024-12-14T12:14:00.000Z","301664410103","0%","1735594280","100%","L-F69F2A31","DeleteAdapterVersion throttle limit in transactions per second","ap-southeast-1","DeleteAdapterVersion","Textract","aws-solutions.quota-monitor","OK"
"2232d38d-546b-4fdc-99b2-ad7a40e768c0","2024-12-14T11:11:00.000Z","405142580014","0%","1735614080","100%","L-091522BC","PrepareFlow requests per second","us-east-1","PrepareFlow","Bedrock","aws-solutions.quota-monitor","OK"
"2f215425-c60d-486d-a7c6-fd17c75f155e","2024-12-14T00:15:00.000Z","301664410103","0%","1735518682","100%","L-C2D15753","Rate of GetMapSprites API requests","us-east-1","GetMapSprites","Location","aws-solutions.quota-monitor","OK"
"69bc356e-9221-4c05-92f8-66b476f82f63","2024-12-14T13:11:00.000Z","405142580014","0%","1735587081","100%","L-1A4D313F","Rate of CreateGraph API requests","us-east-1","CreateGraph","NeptuneGraph","aws-solutions.quota-monitor","OK"
"562dcaba-31da-4c31-a040-c2ac92d95eae","2024-12-14T03:11:00.000Z","405142580014","0%","1735473381","100%","L-75F129AD","ListThingGroupsForThing API TPS","ap-southeast-1","ListThingGroupsForThing","IoT","aws-solutions.quota-monitor","OK"
"1da67676-b6e3-42f7-a6a7-7d3a39f90d3f","2024-12-13T18:11:00.000Z","405142580014","0%","1735437380","100%","L-66F5762A","DeleteRetentionPolicy throttle limit in transactions per second","us-east-1","DeleteRetentionPolicy","Logs","aws-solutions.quota-monitor","OK"
"1a1246b1-957b-4d27-8c14-c3422db0b890","2024-12-13T18:11:00.000Z","405142580014","0%","1735440081","100%","L-920F1669","Number of ListTokenBalances requests per second","us-east-1","ListTokenBalances","Amazon Managed Blockchain Query","aws-solutions.quota-monitor","OK"
"e8e0cd02-ec8a-439b-99d2-3154f2a15a34","2024-12-13T19:15:00.000Z","301664410103","0%","1735474281","100%","L-FCAB1AF4","DeleteThingGroup API TPS","us-east-1","DeleteThingGroup","IoT","aws-solutions.quota-monitor","OK"
"fb41b88c-5068-488f-8c28-0edb6dc0ddd3","2024-12-14T06:11:00.000Z","405142580014","0%","1735536981","100%","L-F98EACE7","DescribeDatabase request rate","us-east-1","DescribeDatabase","Timestream","aws-solutions.quota-monitor","OK"
"87773897-701a-42f6-87d3-236aef62f73f","2024-12-13T20:15:00.000Z","301664410103","0%","1735466480","100%","L-86127B31","Throttle rate for TagResource","us-east-1","TagResource","Service Quotas","aws-solutions.quota-monitor","OK"
"829dc6d7-e53c-480a-9963-ff00923d8085","2024-12-14T15:11:00.000Z","405142580014","0%","1735594581","100%","L-52E1E197","DescribeThingGroup API TPS","ap-southeast-1","DescribeThingGroup","IoT","aws-solutions.quota-monitor","OK"
"51cd6b61-e6a9-4f88-a916-218392125614","2024-12-14T00:14:00.000Z","301664410103","0%","1735511780","100%","L-026ADBA3","Rate of UserAuthentication requests","ap-southeast-1","UserAuthentication","Cognito User Pool","aws-solutions.quota-monitor","OK"
"a09b3bce-0592-4f86-a974-6af78ff5accb","2024-12-14T00:15:00.000Z","301664410103","0%","1735510581","100%","L-EE822245","DescribeCertificateProvider API TPS","ap-southeast-1","DescribeCertificateProvider","IoT","aws-solutions.quota-monitor","OK"
"64ced348-7f01-48af-8aa5-aa27b44c65a0","2024-12-14T00:15:00.000Z","301664410103","0%","1735519580","100%","L-FCAB1AF4","DeleteThingGroup API TPS","us-east-1","DeleteThingGroup","IoT","aws-solutions.quota-monitor","OK"
"58261761-0f6e-4528-96e0-098659e16c49","2024-12-14T01:15:00.000Z","301664410103","0%","1735525581","100%","L-5C766737","Rate of UpdateTracker API requests","us-east-1","UpdateTracker","Location","aws-solutions.quota-monitor","OK"
"ccc173c5-dbf1-4fbf-b14e-48add276f9c1","2024-12-14T07:15:00.000Z","301664410103","0%","1735559781","100%","L-C0E9F2ED","ExecuteScheduledQuery request rate","us-east-1","ExecuteScheduledQuery","Timestream","aws-solutions.quota-monitor","OK"
"8f33f1c6-2fef-47a7-a88a-06601e740175","2024-12-13T19:15:00.000Z","301664410103","0%","1735471282","100%","L-F514C636","SetTopicAttributes Transactions per Second","us-east-1","SetTopicAttributes","SNS","aws-solutions.quota-monitor","OK"
"24369c24-556d-4d99-b400-b7976975d7f3","2024-12-14T00:15:00.000Z","301664410103","0%","1735514781","100%","L-BF4AD168","The maximum number of ListBootstrapActions API requests that you can make per second.","us-east-1","ListBootstrapActions","EMR","aws-solutions.quota-monitor","OK"
"e5cd55a3-88ce-42ae-9831-b9953a753756","2024-12-14T07:14:00.000Z","301664410103","0%","1735543580","100%","L-BF40C7E2","Throttle rate for UntagResource","ap-southeast-1","UntagResource","Service Quotas","aws-solutions.quota-monitor","OK"
"495be74c-2703-4bea-8448-05abf1cae508","2024-12-14T03:15:00.000Z","301664410103","0%","1735503082","100%","L-43875DB3","Rate of CreateGraphUsingImportTask API requests","ap-southeast-1","CreateGraphUsingImportTask","NeptuneGraph","aws-solutions.quota-monitor","OK"
"102462e9-e168-4b77-9f54-86a071a50cf8","2024-12-14T09:14:00.000Z","301664410103","0%","1735563680","100%","L-00ACEBE9","ListThingPrincipalsV2 API TPS","ap-southeast-1","ListThingPrincipalsV2","IoT","aws-solutions.quota-monitor","OK"
"0da828fe-f211-4e49-bfc5-2cbf0e5afab1","2024-12-14T03:15:00.000Z","301664410103","0%","1735499182","100%","L-51A37BC6","All APIs - Number of custom domain names","ap-southeast-1","DomainNames","AppSync","aws-solutions.quota-monitor","OK"
"f5ad7ec3-e6b0-4b1b-9e45-9bc020c36b82","2024-12-13T19:11:00.000Z","405142580014","0%","1735431680","100%","L-68C0FF09","Rate of DescribeGeofenceCollection API requests","ap-southeast-1","DescribeGeofenceCollection","Location","aws-solutions.quota-monitor","OK"
"51b76dbe-3e6a-4105-92d2-06de059a189b","2024-12-14T08:14:00.000Z","301664410103","0%","1735555580","100%","L-87E3FFAC","GetFlow requests per second","ap-southeast-1","GetFlow","Bedrock","aws-solutions.quota-monitor","OK"
"5a198e02-b2fc-4e36-8cc5-c9fd8bb18771","2024-12-14T03:14:00.000Z","301664410103","0%","1735498580","100%","L-9B653E91","PutEvents throttle limit in transactions per second","ap-southeast-1","PutEvents","EventBridge","aws-solutions.quota-monitor","OK"
"ed4c46ca-bb5d-44f8-af7e-ec72018e516b","2024-12-13T17:11:00.000Z","405142580014","0%","1735438581","100%","L-75F129AD","ListThingGroupsForThing API TPS","ap-southeast-1","ListThingGroupsForThing","IoT","aws-solutions.quota-monitor","OK"
"1c9e2e5a-792c-4735-80b2-ff320d2f235b","2024-12-14T14:11:00.000Z","405142580014","0%","1735611081","100%","L-68E6373A","The maximum number of RemoveAutoTerminationPolicy API requests that you can make per second.","us-east-1","RemoveAutoTerminationPolicy","EMR","aws-solutions.quota-monitor","OK"
"ecba0c6c-8cb2-479d-94bf-489f448990f7","2024-12-15T16:11:00.000Z","405142580014","0%","1735600880","100%","L-68B0DFE2","Rate of SetAlarmState requests","ap-southeast-1","SetAlarmState","CloudWatch","aws-solutions.quota-monitor","OK"
"8d976ef5-191d-4475-8547-8b5556b1c2a9","2024-12-14T13:11:00.000Z","405142580014","0%","1735582881","100%","L-EEB0151E","Maximum number of applications","ap-southeast-1","Application","AWS AppConfig","aws-solutions.quota-monitor","OK"
"ac49412c-993c-4294-bed7-2e2e18e9f21a","2024-12-13T20:11:00.000Z","405142580014","0%","1735452980","100%","L-E694C311","DeleteCertificateProvider API TPS","us-east-1","DeleteCertificateProvider","IoT","aws-solutions.quota-monitor","OK"
"fdab5843-e252-414b-ad34-07171a83002e","2024-12-14T10:14:00.000Z","301664410103","0%","1735608080","100%","L-8A769EC2","Rate of CreateMap API requests","ap-southeast-1","CreateMap","Location","aws-solutions.quota-monitor","OK"
"b872df0b-4362-400a-ae5a-4a69349b1e50","2024-12-13T23:15:00.000Z","301664410103","0%","1735520480","100%","L-4B4C2391","Rate of DescribeKey API requests","us-east-1","DescribeKey","Location","aws-solutions.quota-monitor","OK"
"06d6bbc2-ea3f-45e4-98bd-2090478f3f39","2024-12-14T13:14:00.000Z","301664410103","0%","1735599681","100%","L-01EACE54","CheckIfPhoneNumberIsOptedOut Transactions per Second","ap-southeast-1","CheckIfPhoneNumberIsOptedOut","SNS","aws-solutions.quota-monitor","OK"
"7adfd006-5ae5-420f-acec-04dcc9975993","2024-12-14T05:14:00.000Z","301664410103","0%","1735541481","100%","L-68B0DFE2","Rate of SetAlarmState requests","ap-southeast-1","SetAlarmState","CloudWatch","aws-solutions.quota-monitor","OK"
"cc6f6327-69ca-4521-afe9-763932bf066e","2024-12-14T09:14:00.000Z","301664410103","0%","1735560980","100%","L-0451886A","CreateAgentActionGroup requests per second","ap-southeast-1","CreateAgentActionGroup","Bedrock","aws-solutions.quota-monitor","OK"
"a7ebc549-caca-4eeb-871f-a90449d9aa1f","2024-12-13T20:15:00.000Z","301664410103","0%","1735454180","100%","L-BCE17F1C","Combined rate of tagging requests","us-east-1","Tagging","RolesAnywhere","aws-solutions.quota-monitor","OK"
"268338a9-6460-4004-97f8-7781cd5e41dc","2024-12-13T19:11:00.000Z","405142580014","0%","1735428980","100%","L-22339239","Rate of DeleteInsightRules requests","ap-southeast-1","DeleteInsightRules","CloudWatch","aws-solutions.quota-monitor","OK"
"ca374ca1-99c3-4a6c-a832-58e861555872","2024-12-14T11:14:00.000Z","301664410103","0%","1735609280","100%","L-6826A2E9","Transactions per second (TPS) for the LookupEvents API","ap-southeast-1","LookupEvents","CloudTrail","aws-solutions.quota-monitor","OK"
"0666e5f5-3692-49ce-8144-d89b452dd16b","2024-12-14T05:11:00.000Z","405142580014","0%","1735554681","100%","L-FB1A2EEA","RotateKeyOnDemand request rate","us-east-1","RotateKeyOnDemand","KMS","aws-solutions.quota-monitor","OK"
"bc767b11-47f3-4823-b197-cbb11273d3f9","2024-12-14T04:11:00.000Z","405142580014","0%","1735541481","100%","L-DB3BF542","UpdateAlias request rate","ap-southeast-1","UpdateAlias","KMS","aws-solutions.quota-monitor","OK"
"d84fd351-0a08-4e67-b046-6df6efd4585d","2024-12-14T00:11:00.000Z","405142580014","0%","1735489581","100%","L-7A3F9D4B","Transactions per second (TPS) for the GetChannel API","ap-southeast-1","GetChannel","CloudTrail","aws-solutions.quota-monitor","OK"
"77e90ef4-6ce4-47b8-83e0-b6913c832ee8","2024-12-13T23:11:00.000Z","405142580014","0%","1735477581","100%","L-7D6E8ED3","Rate of UserAccountRecovery requests","ap-southeast-1","UserAccountRecovery","Cognito User Pool","aws-solutions.quota-monitor","OK"
"c296b842-b207-433c-9232-5cb8e7e9d034","2024-12-14T06:11:00.000Z","405142580014","0%","1735547181","100%","L-8996ACA8","UntagResource API TPS","us-east-1","UntagResource","IoT","aws-solutions.quota-monitor","OK"
"2d9193fe-7277-40b3-afab-6a8adc2e59f7","2024-12-13T19:14:00.000Z","301664410103","0%","1735458680","100%","L-FB6513A2","ListResourceTags request rate","ap-southeast-1","ListResourceTags","KMS","aws-solutions.quota-monitor","OK"
"afcf7b01-9001-45a1-9cbd-9b016328677b","2024-12-14T04:11:00.000Z","405142580014","0%","1735551081","100%","L-7278F198","StartThingRegistrationTask API TPS","us-east-1","StartThingRegistrationTask","IoT","aws-solutions.quota-monitor","OK"
"ee603b90-ffa8-4ba8-8884-f8498b654de0","2024-12-13T18:11:00.000Z","405142580014","0%","1735437080","100%","L-FA296006","DeleteScheduledQuery request rate","us-east-1","DeleteScheduledQuery","Timestream","aws-solutions.quota-monitor","OK"
"ac8bc09d-ef41-4ff8-a60c-5ed525a910e7","2024-12-14T04:11:00.000Z","405142580014","0%","1735545081","100%","L-94C8FE3F","GetDocumentTextDetection throttle limit in transactions per second","us-east-1","GetDocumentTextDetection","Textract","aws-solutions.quota-monitor","OK"
"927a84cb-7c82-47d0-96d1-c6751ad04ef9","2024-12-13T19:14:00.000Z","301664410103","0%","1735453881","100%","L-09C84CC6","Throttle rate for GetServiceQuota","ap-southeast-1","GetServiceQuota","Service Quotas","aws-solutions.quota-monitor","OK"
"d313a30a-6488-4cb6-9e7c-6f324a0976a2","2024-12-13T22:15:00.000Z","301664410103","0%","1735514481","100%","L-B753F5F0","Rate of ListLinks requests","us-east-1","ListLinks","Observability Access Manager","aws-solutions.quota-monitor","OK"
"2b247bfc-97cf-4ae3-8e0c-469340e008ee","2024-12-13T16:11:00.000Z","405142580014","0%","1735444881","100%","L-004FBC04","Rate of ListMaps API requests","us-east-1","ListMaps","Location","aws-solutions.quota-monitor","OK"
"f5e0383c-386a-4b93-9049-f6c417e9c808","2024-12-13T18:11:00.000Z","405142580014","0%","1735434081","100%","L-B26E5E95","Rate of ListDevicePositions API requests","ap-southeast-1","ListDevicePositions","Location","aws-solutions.quota-monitor","OK"
"c130d562-ef9d-4252-8dac-684cfd7d706c","2024-12-14T07:15:00.000Z","301664410103","0%","1735561281","100%","L-83FDDF24","DeleteAgentActionGroup requests per second","us-east-1","DeleteAgentActionGroup","Bedrock","aws-solutions.quota-monitor","OK"
"ce911445-cc92-4313-be88-944628eb0e18","2024-12-13T18:15:00.000Z","301664410103","0%","1735471281","100%","L-091522BC","PrepareFlow requests per second","us-east-1","PrepareFlow","Bedrock","aws-solutions.quota-monitor","OK"
"88077989-9495-427f-86fa-5e6668a39050","2024-12-14T14:11:00.000Z","405142580014","0%","1735581681","100%","L-9252FCD2","Concurrently running automations with blocking actions","us-east-1","ConcurrentBlockingAutomationUsage","SSM","aws-solutions.quota-monitor","OK"
"62aa74e8-4273-4c1b-bf3c-e1f695408b78","2024-12-14T09:11:00.000Z","405142580014","0%","1735549580","100%","L-FA2C35B5","GetExpenseAnalysis throttle limit in transactions per second","us-east-1","GetExpenseAnalysis","Textract","aws-solutions.quota-monitor","OK"
"7b29eab2-d75f-4864-b5fe-e94676197ebd","2024-12-14T03:11:00.000Z","405142580014","0%","1735478781","100%","L-515B0B71","Rate of PutCompositeAlarm requests","ap-southeast-1","PutCompositeAlarm","CloudWatch","aws-solutions.quota-monitor","OK"
"ce9fb2b8-ad3e-45f4-8dd4-9b0b7c6f3af9","2024-12-14T07:14:00.000Z","301664410103","0%","1735563981","100%","L-B26E5E95","Rate of ListDevicePositions API requests","ap-southeast-1","ListDevicePositions","Location","aws-solutions.quota-monitor","OK"
"a7a9bf57-3a45-4ea2-8714-a2ca6630a1bb","2024-12-14T11:14:00.000Z","301664410103","0%","1735594880","100%","L-5540C5E3","Invocations throttle limit in transactions per second","ap-southeast-1","Invocations","EventBridge","aws-solutions.quota-monitor","OK"
"c4aa0210-dd1a-4439-b458-360a17a8769f","2024-12-14T06:11:00.000Z","405142580014","0%","1735537881","100%","L-21D1371E","GetAgentKnowledgeBase requests per second","us-east-1","GetAgentKnowledgeBase","Bedrock","aws-solutions.quota-monitor","OK"
"76d43a49-7549-4f5c-894d-991f0b412078","2024-12-13T23:11:00.000Z","405142580014","0%","1735484181","100%","L-74D3DD04","Rate of ClientAuthentication requests per account","ap-southeast-1","ClientAuthentication","Cognito User Pool","aws-solutions.quota-monitor","OK"
"c0d2825f-8163-4afb-9cce-46437750d1db","2024-12-15T21:11:00.000Z","405142580014","0%","1735604180","100%","L-95B28F8D","Rate of InitiateLayerUpload requests","ap-southeast-1","InitiateLayerUpload","ECR","aws-solutions.quota-monitor","OK"
"cb219a85-c879-4a87-ba4e-8aaa4e907d09","2024-12-14T09:15:00.000Z","301664410103","0%","1735564581","100%","L-74021A59","RetireGrant request rate","us-east-1","RetireGrant","KMS","aws-solutions.quota-monitor","OK"
"3ded12c1-cfe0-43c2-b519-f5283083ff51","2024-12-14T06:11:00.000Z","405142580014","0%","1735545680","100%","L-EF11EFBE","Rate of DeleteRouteCalculator API requests","us-east-1","DeleteRouteCalculator","Location","aws-solutions.quota-monitor","OK"
"afc578d9-8131-4ea7-86b3-90dff29ca7be","2024-12-14T13:14:00.000Z","301664410103","0%","1735595781","100%","L-D6554FB1","Simulation applications","ap-southeast-1","SimulationApplication","RoboMaker","aws-solutions.quota-monitor","OK"
"085be045-54e7-4b86-b743-fe598a1686d8","2024-12-13T23:14:00.000Z","301664410103","0%","1735506081","100%","L-A64F5500","Rate of StopMetricStreams requests","ap-southeast-1","StopMetricStreams","CloudWatch","aws-solutions.quota-monitor","OK"
"46f01a97-8bda-43b3-9ee5-79d0831699a1","2024-12-14T08:11:00.000Z","405142580014","0%","1735546281","100%","L-6C20C764","DeleteBillingGroup API TPS","us-east-1","DeleteBillingGroup","IoT","aws-solutions.quota-monitor","OK"
"c1a39ccd-911d-4f76-981e-411a3babd595","2024-12-14T15:11:00.000Z","405142580014","0%","1735602381","100%","L-AA9737D2","Throttle rate for DisassociateServiceQuotaTemplate","us-east-1","DisassociateServiceQuotaTemplate","Service Quotas","aws-solutions.quota-monitor","OK"
"7052dee9-696b-45bf-81c0-ede46abdaab2","2024-12-13T23:15:00.000Z","301664410103","0%","1735517481","100%","L-9F20DF3A","ResumeBatchLoadTask request rate","us-east-1","ResumeBatchLoadTask","Timestream","aws-solutions.quota-monitor","OK"
"f23a8570-01e0-48db-bd3b-a59439570029","2024-12-13T18:11:00.000Z","405142580014","0%","1735440081","100%","L-A21DE5E2","The maximum number of RunJobFlow API requests that you can make per second.","us-east-1","RunJobFlow","EMR","aws-solutions.quota-monitor","OK"
"b654ded0-e77c-456e-8907-ec857f2792d7","2024-12-13T17:15:00.000Z","301664410103","0%","1735476081","100%","L-EF11EFBE","Rate of DeleteRouteCalculator API requests","us-east-1","DeleteRouteCalculator","Location","aws-solutions.quota-monitor","OK"
"1e31fc49-6f74-4949-a4e9-11b1503b2c56","2024-12-14T01:11:00.000Z","405142580014","0%","1735490480","100%","L-25528367","Rate of GetMapGlyphs API requests","ap-southeast-1","GetMapGlyphs","Location","aws-solutions.quota-monitor","OK"
"9a61c1d6-5219-44d1-9301-5f035ed6e8c6","2024-12-15T20:11:00.000Z","405142580014","0%","1735597581","100%","L-0017E049","Combined rate of CRL requests","ap-southeast-1","CRL","RolesAnywhere","aws-solutions.quota-monitor","OK"
"ac4887a7-8fe5-402f-93cc-605ea5468dd0","2024-12-14T02:11:00.000Z","405142580014","0%","1735479380","100%","L-A3F85680","The maximum number of ModifyInstanceGroups API requests that you can make per second.","ap-southeast-1","ModifyInstanceGroups","EMR","aws-solutions.quota-monitor","OK"
"99eff7a6-53da-4df3-9c00-bf1c8cd419af","2024-12-14T08:15:00.000Z","301664410103","0%","1735571480","100%","L-3B5E6DAC","Rate of ListTrackerConsumers API requests","us-east-1","ListTrackerConsumers","Location","aws-solutions.quota-monitor","OK"
"9f52455b-925c-435c-b3f8-ba800384887f","2024-12-13T17:11:00.000Z","405142580014","0%","1735436781","100%","L-A52E46BE","Maximum number of environments per application","us-east-1","EnvironmentsPerApplication","AWS AppConfig","aws-solutions.quota-monitor","OK"
"db54f3d9-f5a1-4fe1-978a-9396e03056fb","2024-12-13T21:11:00.000Z","405142580014","0%","1735427181","100%","L-AA313626","Request rate for DeleteQueue","ap-southeast-1","DeleteQueue","MediaConvert","aws-solutions.quota-monitor","OK"
"49d9bd30-3e24-4468-97a3-cb853591ea42","2024-12-13T21:15:00.000Z","301664410103","0%","1735466781","100%","L-99469188","Transactions per second (TPS) for the StartAutomationExecution API","us-east-1","StartAutomationExecution","SSM","aws-solutions.quota-monitor","OK"
"0d503ba9-d677-4a6f-b525-ad96a482a2c6","2024-12-13T19:15:00.000Z","301664410103","0%","1735472181","100%","L-4D8FB6E2","Rate of BatchPutGeofence API requests","us-east-1","BatchPutGeofence","Location","aws-solutions.quota-monitor","OK"
"a79d45a4-1776-47c6-bd44-89a59618fd75","2024-12-14T09:15:00.000Z","301664410103","0%","1735577181","100%","L-68C0FF09","Rate of DescribeGeofenceCollection API requests","us-east-1","DescribeGeofenceCollection","Location","aws-solutions.quota-monitor","OK"
"5f4cf91b-0966-486c-9d93-0a63c8b4eb24","2024-12-14T09:15:00.000Z","301664410103","0%","1735572980","100%","L-93308085","Unsubscribe Transactions per Second","us-east-1","Unsubscribe","SNS","aws-solutions.quota-monitor","OK"
"dd9e8352-eb0e-4f9a-9653-d4a86aa733ea","2024-12-14T12:11:00.000Z","405142580014","0%","1735586781","100%","L-3A62D5A9","Number of UserSettings","us-east-1","UserSettings","Amazon WorkSpaces Secure Browser","aws-solutions.quota-monitor","OK"
"09d6657c-7751-4056-a8d0-9746a93fd95d","2024-12-14T12:11:00.000Z","405142580014","0%","1735578381","100%","L-7A9B3427","PutDestination throttle limit in transactions per second","ap-southeast-1","PutDestination","Logs","aws-solutions.quota-monitor","OK"
"24b5607f-49e3-433f-9b9d-a2ac4f53043c","2024-12-13T23:11:00.000Z","405142580014","0%","1735479682","100%","L-BBF0F260","Static IP addresses","ap-southeast-1","StaticIp","Lightsail","aws-solutions.quota-monitor","OK"
"ee1fe13f-e703-46af-89fc-42e916abb9fe","2024-12-14T07:15:00.000Z","301664410103","0%","1735566681","100%","L-4738DDCE","CreatePlatformApplication Transactions per Second","us-east-1","CreatePlatformApplication","SNS","aws-solutions.quota-monitor","OK"
"64abaad8-69f4-4df4-95bc-845252818a99","2024-12-14T15:11:00.000Z","405142580014","0%","1735612580","100%","L-631CF1F1","Transactions per second (TPS) for the CancelQuery API","us-east-1","CancelQuery","CloudTrail","aws-solutions.quota-monitor","OK"
"17e5c68f-7aba-4d53-96c7-1af86ea576a5","2024-12-13T18:11:00.000Z","405142580014","0%","1735436481","100%","L-235E2A41","Transactions per second (TPS) for the PutResourcePolicy API","ap-southeast-1","PutResourcePolicy","CloudTrail","aws-solutions.quota-monitor","OK"
"a22f0612-b77c-4c8a-ad72-f77ea96f4a4d","2024-12-14T09:15:00.000Z","301664410103","0%","1735558580","100%","L-3BE1AAB0","Rate of ListImportTasks API requests","us-east-1","ListImportTasks","NeptuneGraph","aws-solutions.quota-monitor","OK"
"6c727edc-f6fa-4262-920e-6a951addffe5","2024-12-14T11:14:00.000Z","301664410103","0%","1735592481","100%","L-99469188","Transactions per second (TPS) for the StartAutomationExecution API","ap-southeast-1","StartAutomationExecution","SSM","aws-solutions.quota-monitor","OK"
"e25cf1f0-cf38-4d1f-9c4b-d5035f8686bd","2024-12-14T01:15:00.000Z","301664410103","0%","1735512080","100%","L-A6D89949","Rate of PutMetricStream requests","us-east-1","PutMetricStream","CloudWatch","aws-solutions.quota-monitor","OK"
"b35c1587-7b55-4b99-bc48-819253b3c4f3","2024-12-13T18:11:00.000Z","405142580014","0%","1735443381","100%","L-3044E773","Transactions per second (TPS) for the GetQueryResults API","us-east-1","GetQueryResults","CloudTrail","aws-solutions.quota-monitor","OK"
"22433004-da9a-47ee-a871-df7bf1b13f7e","2024-12-14T10:11:00.000Z","405142580014","0%","1735579880","100%","L-438B53F5","Request rate for DeleteJobTemplate","us-east-1","DeleteJobTemplate","MediaConvert","aws-solutions.quota-monitor","OK"
"915cfd02-9de7-4ef8-a539-3454695fddc9","2024-12-14T07:14:00.000Z","301664410103","0%","1735544480","100%","L-E5FB5933","PutMetricFilter throttle limit in transactions per second","ap-southeast-1","PutMetricFilter","Logs","aws-solutions.quota-monitor","OK"
"29b1130d-b37c-41c8-af8e-19b711f13e6e","2024-12-13T19:11:00.000Z","405142580014","0%","1735450281","100%","L-A2A30EC6","GetKeyPolicy request rate","us-east-1","GetKeyPolicy","KMS","aws-solutions.quota-monitor","OK"
"0f988be7-e462-4cf5-acf8-7d95578e1dee","2024-12-14T09:15:00.000Z","301664410103","0%","1735567581","100%","L-93CEC191","ListTagsForResource Transactions per Second","us-east-1","ListTagsForResource","SNS","aws-solutions.quota-monitor","OK"
"ad0da646-cbe1-494d-b017-f253ac9ebf39","2024-12-14T07:11:00.000Z","405142580014","0%","1735540880","100%","L-8A769EC2","Rate of CreateMap API requests","ap-southeast-1","CreateMap","Location","aws-solutions.quota-monitor","OK"
"3f78b71c-ebd5-41f1-a98c-6243deefcb77","2024-12-14T12:11:00.000Z","405142580014","0%","1735571780","100%","L-8BD59015","Number of UserAccessLoggingSettings","ap-southeast-1","UserAccessLoggingSettings","Amazon WorkSpaces Secure Browser","aws-solutions.quota-monitor","OK"
"7575f530-1f5f-4a20-8457-6ad016720206","2024-12-14T07:11:00.000Z","405142580014","0%","1735541780","100%","L-211F680E","UpdateThing API TPS","ap-southeast-1","UpdateThing","IoT","aws-solutions.quota-monitor","OK"
"0f7bc5a3-3b63-4f60-964e-6bae7aa548ad","2024-12-13T21:15:00.000Z","301664410103","0%","1735467080","100%","L-16E39BCB","TagResource throttle limit in transactions per second","us-east-1","TagResource","Textract","aws-solutions.quota-monitor","OK"
"46595e80-d1ec-4118-b308-187ed9dffad3","2024-12-14T06:14:00.000Z","301664410103","0%","1735563380","100%","L-EBD13534","UpdateCertificateProvider API TPS","ap-southeast-1","UpdateCertificateProvider","IoT","aws-solutions.quota-monitor","OK"
"5bc320fd-db43-4ec6-a017-ee3409e0fadc","2024-12-14T14:11:00.000Z","405142580014","0%","1735610481","100%","L-6375F442","UntagResource request rate","us-east-1","UntagResource","KMS","aws-solutions.quota-monitor","OK"
"432692f4-f215-4db9-9ba5-17bbfea8c3d1","2024-12-13T16:15:00.000Z","301664410103","0%","1735454181","100%","L-026ADBA3","Rate of UserAuthentication requests","us-east-1","UserAuthentication","Cognito User Pool","aws-solutions.quota-monitor","OK"
"08d8855d-f33c-4df8-8405-5b4a711c8275","2024-12-13T20:14:00.000Z","301664410103","0%","1735461380","100%","L-9A0A3162","Rate of BatchEvaluateGeofences API requests","ap-southeast-1","BatchEvaluateGeofences","Location","aws-solutions.quota-monitor","OK"
"a16e3265-fd29-4551-a346-8464125d6125","2024-12-14T05:15:00.000Z","301664410103","0%","1735553781","100%","L-0E92389A","Rate of DeleteGraph API requests","ap-southeast-1","DeleteGraph","NeptuneGraph","aws-solutions.quota-monitor","OK"
"575eefe8-07cf-4c5d-90b5-7853eb42be8a","2024-12-14T00:15:00.000Z","301664410103","0%","1735523782","100%","L-20F1367A","Rate of SearchPlaceIndexForText API requests","us-east-1","SearchPlaceIndexForText","Location","aws-solutions.quota-monitor","OK"
"231e873c-01be-42aa-9dbc-7a2e626ecb4b","2024-12-13T19:11:00.000Z","405142580014","0%","1735425080","100%","L-A4298AB9","Number of monitors per account per AWS region","ap-southeast-1","ActiveNetworkMonitors","NetworkMonitor","aws-solutions.quota-monitor","OK"
"2391658b-3ca4-4f6c-8e05-dfc6679acccf","2024-12-13T16:11:00.000Z","405142580014","0%","1735427480","100%","L-BF40C7E2","Throttle rate for UntagResource","ap-southeast-1","UntagResource","Service Quotas","aws-solutions.quota-monitor","OK"
"c15a1aa6-a190-4552-a1cc-2ba438141f5f","2024-12-13T22:15:00.000Z","301664410103","0%","1735518682","100%","L-4ADC64FC","Rate of CancelQuantumTask requests","us-east-1","CancelQuantumTask","Braket","aws-solutions.quota-monitor","OK"
"632b02ec-159f-45b2-aac2-504b82c07536","2024-12-13T22:11:00.000Z","405142580014","0%","1735497681","100%","L-BEC68768","Transactions per second (TPS) for the CreateChannel API","us-east-1","CreateChannel","CloudTrail","aws-solutions.quota-monitor","OK"
"175aa177-0609-43e5-99d7-a5635261da1f","2024-12-13T22:15:00.000Z","301664410103","0%","1735501880","100%","L-C3BB1AF3","UntagResource throttle limit in transactions per second","ap-southeast-1","UntagResource","Textract","aws-solutions.quota-monitor","OK"
"e1314ecc-e025-413d-a2f6-b35e89ea10ee","2024-12-14T15:11:00.000Z","405142580014","0%","1735566380","100%","L-FA210A1F","Maximum number of configuration profiles per application","ap-southeast-1","ConfigurationProfilesPerApplication","AWS AppConfig","aws-solutions.quota-monitor","OK"
"e6a624f7-9ee7-45fe-80d2-426bbc586f73","2024-12-13T20:14:00.000Z","301664410103","0%","1735452081","100%","L-AD52DFB2","Rate of PutImage requests","ap-southeast-1","PutImage","ECR","aws-solutions.quota-monitor","OK"
"5087a138-5940-4968-9881-29eec5f1226e","2024-12-14T00:15:00.000Z","301664410103","0%","1735496181","100%","L-A35C1798","GetAdapterVersion throttle limit in transactions per second","ap-southeast-1","GetAdapterVersion","Textract","aws-solutions.quota-monitor","OK"
"331317e9-a5cb-4c08-9713-03a6c19fc393","2024-12-14T00:15:00.000Z","301664410103","0%","1735519281","100%","L-C36D2A6D","Request rate for GetJobTemplate","us-east-1","GetJobTemplate","MediaConvert","aws-solutions.quota-monitor","OK"
"5a86487e-ae47-442a-a748-1e85e8743610","2024-12-13T22:14:00.000Z","301664410103","0%","1735506681","100%","L-FCC0FB4B","Rate of TagResource requests","ap-southeast-1","TagResource","CloudWatch Application Signals","aws-solutions.quota-monitor","OK"
"78c87e6b-6add-43d3-b667-88b85c9155c2","2024-12-14T06:14:00.000Z","301664410103","0%","1735554380","100%","L-211F680E","UpdateThing API TPS","ap-southeast-1","UpdateThing","IoT","aws-solutions.quota-monitor","OK"
"eb92f1d3-05e9-46e2-bd6e-231c6923fa7e","2024-12-14T04:11:00.000Z","405142580014","0%","1735540280","100%","L-7193C790","Rate of DescribeAlarmHistory requests","us-east-1","DescribeAlarmHistory","CloudWatch","aws-solutions.quota-monitor","OK"
"627e9f4b-4c00-4934-b1db-88bb00da8beb","2024-12-15T21:11:00.000Z","405142580014","0%","1735596981","100%","L-0017E049","Combined rate of CRL requests","ap-southeast-1","CRL","RolesAnywhere","aws-solutions.quota-monitor","OK"
"1863ec8e-3df8-4aec-9d0e-bf51c1438f7c","2024-12-14T04:11:00.000Z","405142580014","0%","1735528281","100%","L-E31E6201","Rate of UpdateKey API requests","ap-southeast-1","UpdateKey","Location","aws-solutions.quota-monitor","OK"
"5043f0b8-4548-4374-bdd8-f341f051670a","2024-12-14T01:15:00.000Z","301664410103","0%","1735514481","100%","L-FF07E5EA","ConfirmSubscription Transactions per Second","us-east-1","ConfirmSubscription","SNS","aws-solutions.quota-monitor","OK"
"18d4c73a-dcae-4874-acd2-aeefb8805557","2024-12-13T21:14:00.000Z","301664410103","0%","1735458381","100%","L-646A917A","Rate of EnableInsightRules requests","ap-southeast-1","EnableInsightRules","CloudWatch","aws-solutions.quota-monitor","OK"
"8c885e16-55cd-4533-bb4f-ad2b5b24cf10","2024-12-13T19:14:00.000Z","301664410103","0%","1735461680","100%","L-82338BB4","Transactions per second (TPS) for the UpdateEventDataStore API","ap-southeast-1","UpdateEventDataStore","CloudTrail","aws-solutions.quota-monitor","OK"
"7e897b6a-28ea-406b-8673-33bca71254de","2024-12-14T02:14:00.000Z","301664410103","0%","1735509981","100%","L-87E3FFAC","GetFlow requests per second","ap-southeast-1","GetFlow","Bedrock","aws-solutions.quota-monitor","OK"
"eae46b19-7f7d-49f7-b90d-312d1f49c7bb","2024-12-14T02:11:00.000Z","405142580014","0%","1735485381","100%","L-1A4D313F","Rate of CreateGraph API requests","us-east-1","CreateGraph","NeptuneGraph","aws-solutions.quota-monitor","OK"
"56af5c0f-7a54-4615-85ca-5d3064fb9ce6","2024-12-13T19:11:00.000Z","405142580014","0%","1735429581","100%","L-BBECF742","TagLogGroup throttle limit in transactions per second","ap-southeast-1","TagLogGroup","Logs","aws-solutions.quota-monitor","OK"
"bcc3899e-6135-4b3a-bf6e-d2a5140c7738","2024-12-14T08:15:00.000Z","301664410103","0%","1735554681","100%","L-5D46E37D","ListDataIntegrationAssociations rate quota","us-east-1","ListDataIntegrationAssociations","AppIntegrations","aws-solutions.quota-monitor","OK"
"4bf9d829-c2ca-4a81-91f1-13fe93d46828","2024-12-13T19:11:00.000Z","405142580014","0%","1735442782","100%","L-93CEC191","ListTagsForResource Transactions per Second","us-east-1","ListTagsForResource","SNS","aws-solutions.quota-monitor","OK"
"f88a0917-bc37-468e-a3c5-13a3a6c6630e","2024-12-13T16:11:00.000Z","405142580014","0%","1735446380","100%","L-74021A59","RetireGrant request rate","us-east-1","RetireGrant","KMS","aws-solutions.quota-monitor","OK"
"94fb7c32-ea33-4a14-b579-44bd118572ca","2024-12-14T04:11:00.000Z","405142580014","0%","1735524680","100%","L-F3E11209","DeleteEventIntegration rate quota","ap-southeast-1","DeleteEventIntegration","AppIntegrations","aws-solutions.quota-monitor","OK"
"399b7b9a-1097-4525-8dd4-262e75eab1e3","2024-12-14T03:11:00.000Z","405142580014","0%","1735485081","100%","L-64C711AB","Rate of CreateSink requests","ap-southeast-1","CreateSink","Observability Access Manager","aws-solutions.quota-monitor","OK"
"4b7b49cd-9cf3-45bf-b4b0-d244f74b86dd","2024-12-13T20:11:00.000Z","405142580014","0%","1735429880","100%","L-822D1B1B","Target Groups per Application Load Balancer","ap-southeast-1","TargetGroupsPerApplicationLoadBalancer","Elastic Load Balancing","aws-solutions.quota-monitor","OK"
"42a1b03e-b50d-41ba-bdb0-2d4c2ba1496d","2024-12-14T00:11:00.000Z","405142580014","0.00006666666666666667%","1735477881","100%","L-7E1FAE88","PutLogEvents throttle limit in transactions per second","ap-southeast-1","PutLogEvents","Logs","aws-solutions.quota-monitor","OK"
"b6b0e380-1dee-4cd0-bbfb-dc7441cd9c1d","2024-12-14T08:14:00.000Z","301664410103","0%","1735550480","100%","L-1DA9A53C","Rate of DeleteLink requests","ap-southeast-1","DeleteLink","Observability Access Manager","aws-solutions.quota-monitor","OK"
"dcab0470-39f4-4172-967e-c603b704aaa8","2024-12-13T20:11:00.000Z","405142580014","0%","1735439180","100%","L-346CB6CB","Throttle rate for DeleteServiceQuotaIncreaseRequestFromTemplate","us-east-1","DeleteServiceQuotaIncreaseRequestFromTemplate","Service Quotas","aws-solutions.quota-monitor","OK"
"a67dd611-856b-4cae-9eaf-36fce6e31d7b","2024-12-14T01:11:00.000Z","405142580014","0%","1735485081","100%","L-09101E66","Concurrently executing Automations","us-east-1","ConcurrentAutomationUsage","SSM","aws-solutions.quota-monitor","OK"
"ddbe8f01-2db7-42cf-9eac-52af27e7850e","2024-12-13T23:11:00.000Z","405142580014","0%","1735480580","100%","L-5E4FC5D2","Transactions per second (TPS) for the GetTrailStatus API","ap-southeast-1","GetTrailStatus","CloudTrail","aws-solutions.quota-monitor","OK"
"bbcd787b-d7f9-456d-83f6-985e9bca1f15","2024-12-13T18:11:00.000Z","405142580014","0%","1735446080","100%","L-9FFA42D2","Rate of PutInsightRule requests","us-east-1","PutInsightRule","CloudWatch","aws-solutions.quota-monitor","OK"
"7af9f1de-b053-4996-92ff-091f794774a0","2024-12-14T11:11:00.000Z","405142580014","0%","1735612880","100%","L-9602E0D9","CreateFlow requests per second","us-east-1","CreateFlow","Bedrock","aws-solutions.quota-monitor","OK"
"0866d6b0-626c-4688-9057-d29589f6fe2d","2024-12-13T17:15:00.000Z","301664410103","0%","1735464381","100%","L-99469188","Transactions per second (TPS) for the StartAutomationExecution API","us-east-1","StartAutomationExecution","SSM","aws-solutions.quota-monitor","OK"
"ffe95935-52fe-4bc0-afbe-3ff10ddf28b2","2024-12-14T07:11:00.000Z","405142580014","0%","1735530682","100%","L-7AC9FF3E","Transactions per second (TPS) for the DescribeTrails API","ap-southeast-1","DescribeTrails","CloudTrail","aws-solutions.quota-monitor","OK"
"88935a99-ea81-4ea2-8bd2-107895fc3bc0","2024-12-13T18:11:00.000Z","405142580014","0%","1735426281","100%","L-149BA3AD","Number of Portals","ap-southeast-1","Portals","Amazon WorkSpaces Secure Browser","aws-solutions.quota-monitor","OK"
"f91f7e5b-3882-4674-aaa9-191d4f77f7b7","2024-12-14T08:11:00.000Z","405142580014","0%","1735518680","100%","L-226FBD21","TagResource rate quota","ap-southeast-1","TagResource","AppIntegrations","aws-solutions.quota-monitor","OK"
"1e32dd59-3ebe-4158-af29-599886a1fc70","2024-12-13T16:11:00.000Z","405142580014","0%","1735444281","100%","L-6826A2E9","Transactions per second (TPS) for the LookupEvents API","us-east-1","LookupEvents","CloudTrail","aws-solutions.quota-monitor","OK"
"d7c759ac-a3c1-48c5-8a00-c8547193840a","2024-12-14T05:11:00.000Z","405142580014","0%","1735552280","100%","L-FF8C0CDC","Rate of DeleteKey API requests","us-east-1","DeleteKey","Location","aws-solutions.quota-monitor","OK"
"b0c4d400-7efa-49aa-8faf-a51ddf0c8639","2024-12-14T10:11:00.000Z","405142580014","0%","1735612881","100%","L-D19DD0CE","ListFlows requests per second","us-east-1","ListFlows","Bedrock","aws-solutions.quota-monitor","OK"
"ddc53176-ac63-40b1-81ca-eb0b83fb0951","2024-12-13T20:15:00.000Z","301664410103","0%","1735473980","100%","L-F7504F73","CreateAlias request rate","us-east-1","CreateAlias","KMS","aws-solutions.quota-monitor","OK"
"8a5c0b26-42f0-4785-a48b-ea3bf8f638a3","2024-12-13T21:14:00.000Z","301664410103","0%","1735458081","100%","L-201B3D58","Rate of SearchPlaceIndexForPosition API requests","ap-southeast-1","SearchPlaceIndexForPosition","Location","aws-solutions.quota-monitor","OK"
"06d404bf-240c-482a-ae81-b393d04fd445","2024-12-14T04:11:00.000Z","405142580014","0%","1735537882","100%","L-166C69FA","DeleteAgentAlias requests per second","us-east-1","DeleteAgentAlias","Bedrock","aws-solutions.quota-monitor","OK"
"82600540-2474-49bd-ace5-c0d823a85bc2","2024-12-14T05:11:00.000Z","405142580014","0%","1735536080","100%","L-51A37BC6","All APIs - Number of custom domain names","us-east-1","DomainNames","AppSync","aws-solutions.quota-monitor","OK"
"1d635824-ee95-4e1a-a566-5ae49c676137","2024-12-13T23:15:00.000Z","301664410103","0%","1735519881","100%","L-95BA35D1","HSMs per AWS Region and AWS account","us-east-1","HSM","CloudHSM","aws-solutions.quota-monitor","OK"
"ca593e9a-c721-4cb0-9f47-3579fd51d618","2024-12-14T07:11:00.000Z","405142580014","0%","1735542081","100%","L-5D46E37D","ListDataIntegrationAssociations rate quota","us-east-1","ListDataIntegrationAssociations","AppIntegrations","aws-solutions.quota-monitor","OK"
"e48c8acd-0876-4832-b236-17cd3be53cf3","2024-12-13T18:14:00.000Z","301664410103","0%","1735461380","100%","L-E9AF2411","DisassociateAgentKnowledgeBase requests per second","ap-southeast-1","DisassociateAgentKnowledgeBase","Bedrock","aws-solutions.quota-monitor","OK"
"dd1b73d9-f4ed-4830-ab97-43cfec4d3e58","2024-12-14T01:14:00.000Z","301664410103","0%","1735505781","100%","L-66F5762A","DeleteRetentionPolicy throttle limit in transactions per second","ap-southeast-1","DeleteRetentionPolicy","Logs","aws-solutions.quota-monitor","OK"
"881c4a4a-7a7b-4e84-bf0e-da7695998738","2024-12-14T00:15:00.000Z","301664410103","0%","1735505180","100%","L-64C711AB","Rate of CreateSink requests","us-east-1","CreateSink","Observability Access Manager","aws-solutions.quota-monitor","OK"
"33a79c1c-f3dd-4a90-8df1-b7cd10dd78f4","2024-12-13T20:11:00.000Z","405142580014","0%","1735436780","100%","L-C7624166","Throttle rate for ListRequestedServiceQuotaChangeHistory","us-east-1","ListRequestedServiceQuotaChangeHistory","Service Quotas","aws-solutions.quota-monitor","OK"
"cccc9104-af95-4e21-aa93-06026430545f","2024-12-14T10:11:00.000Z","405142580014","0%","1735582280","100%","L-3AFF0430","GetAdapter throttle limit in transactions per second","ap-southeast-1","GetAdapter","Textract","aws-solutions.quota-monitor","OK"
"e2d8278e-b040-4838-906c-cd0dc3c7072d","2024-12-13T20:11:00.000Z","405142580014","0%","1735436481","100%","L-E694C311","DeleteCertificateProvider API TPS","ap-southeast-1","DeleteCertificateProvider","IoT","aws-solutions.quota-monitor","OK"
"07ffcf4d-0147-4283-83cd-dc36115c28b4","2024-12-14T15:11:00.000Z","405142580014","0%","1735587380","100%","L-CF286151","Rate of DeleteGraphSnapshot API requests","us-east-1","DeleteGraphSnapshot","NeptuneGraph","aws-solutions.quota-monitor","OK"
"8328fbd3-c3d2-4766-90b1-8ad651885bf6","2024-12-14T14:11:00.000Z","405142580014","0%","1735580481","100%","L-62E172F7","Transactions per second (TPS) for the ListPublicKeys API","ap-southeast-1","ListPublicKeys","CloudTrail","aws-solutions.quota-monitor","OK"
"6dfee5c8-ef50-4260-a99d-c75ae2781538","2024-12-14T02:11:00.000Z","405142580014","0%","1735467381","100%","L-99469188","Transactions per second (TPS) for the StartAutomationExecution API","ap-southeast-1","StartAutomationExecution","SSM","aws-solutions.quota-monitor","OK"
"dd859c84-f202-47d0-97f8-22c109d12446","2024-12-14T02:11:00.000Z","405142580014","0%","1735473681","100%","L-E694C311","DeleteCertificateProvider API TPS","ap-southeast-1","DeleteCertificateProvider","IoT","aws-solutions.quota-monitor","OK"
"daf292b9-6156-467d-90ef-5076984c03cd","2024-12-15T21:11:00.000Z","405142580014","0%","1735599381","100%","L-1DA9A53C","Rate of DeleteLink requests","ap-southeast-1","DeleteLink","Observability Access Manager","aws-solutions.quota-monitor","OK"
"e0c57234-09e7-4cb2-a50a-d77a4ac2a69a","2024-12-14T02:11:00.000Z","405142580014","0%","1735505180","100%","L-99631835","ImportKeyMaterial request rate","us-east-1","ImportKeyMaterial","KMS","aws-solutions.quota-monitor","OK"
"1e2fb84a-66f7-433e-9296-0a21fff732b8","2024-12-14T10:11:00.000Z","405142580014","0%","1735589180","100%","L-A30AD1BE","UntagResource Transactions per Second","us-east-1","UntagResource","SNS","aws-solutions.quota-monitor","OK"
"64f64d4c-3826-4198-a607-b1390d5906d0","2024-12-14T05:11:00.000Z","405142580014","0%","1735533081","100%","L-85BA8360","The maximum number of ListInstanceFleets API requests that you can make per second.","ap-southeast-1","ListInstanceFleets","EMR","aws-solutions.quota-monitor","OK"
"0179be49-c568-45f7-9efb-d45ae6bf4380","2024-12-14T03:15:00.000Z","301664410103","0%","1735523481","100%","L-909E6D4A","Throttle rate for ListServiceQuotaIncreaseRequestsInTemplate","us-east-1","ListServiceQuotaIncreaseRequestsInTemplate","Service Quotas","aws-solutions.quota-monitor","OK"
"2891cbc4-25ec-49f0-a25f-bcf2f23a7124","2024-12-14T01:15:00.000Z","301664410103","0%","1735515681","100%","L-75788A8B","DetectDocumentText throttle limit in transactions per second","us-east-1","DetectDocumentText","Textract","aws-solutions.quota-monitor","OK"
"2d9f4fcc-e04c-48f2-85fc-8ab9ecd36634","2024-12-14T02:11:00.000Z","405142580014","0%","1735487181","100%","L-9A0A3162","Rate of BatchEvaluateGeofences API requests","ap-southeast-1","BatchEvaluateGeofences","Location","aws-solutions.quota-monitor","OK"
"e283de6b-a0fa-48ae-9a8d-d0d5e2e7dccc","2024-12-14T08:11:00.000Z","405142580014","0%","1735536681","100%","L-A487133E","Request rate for CreateQueue","us-east-1","CreateQueue","MediaConvert","aws-solutions.quota-monitor","OK"
"811bf002-9d3f-49d2-abfa-bb78e9425706","2024-12-13T18:15:00.000Z","301664410103","0%","1735463780","100%","L-B753F5F0","Rate of ListLinks requests","us-east-1","ListLinks","Observability Access Manager","aws-solutions.quota-monitor","OK"
"d05c7ed8-d064-4616-83c9-1d00eac6d62b","2024-12-14T02:15:00.000Z","301664410103","0%","1735517481","100%","L-8650816F","CreateThingType API TPS","us-east-1","CreateThingType","IoT","aws-solutions.quota-monitor","OK"
"e562a7c9-268a-4700-a9a9-4cfa9ece39d9","2024-12-14T15:15:00.000Z","301664410103","0%","1735609281","100%","L-9421C87F","Rate of GetOrganizationRecommendation API requests","us-east-1","GetOrganizationRecommendation","TrustedAdvisor","aws-solutions.quota-monitor","OK"
"23668d9a-1f4e-476c-be19-04e3e0757112","2024-12-13T19:11:00.000Z","405142580014","0%","1735434080","100%","L-86127B31","Throttle rate for TagResource","us-east-1","TagResource","Service Quotas","aws-solutions.quota-monitor","OK"
"963e832a-4c70-4cae-8365-f969643dd27d","2024-12-13T20:11:00.000Z","405142580014","0%","1735432281","100%","L-EC3CCC13","Rate of SearchPlaceIndexForSuggestions API requests","ap-southeast-1","SearchPlaceIndexForSuggestions","Location","aws-solutions.quota-monitor","OK"
"5b314f75-2082-4714-a9e6-fafb4ceced2b","2024-12-14T05:14:00.000Z","301664410103","0%","1735552581","100%","L-8E63548F","UpdateAgentKnowledgeBase requests per second","ap-southeast-1","UpdateAgentKnowledgeBase","Bedrock","aws-solutions.quota-monitor","OK"
"c248d3c3-4dca-48ef-a998-2d3db46dd3c6","2024-12-13T22:15:00.000Z","301664410103","0%","1735512982","100%","L-1DA9A53C","Rate of DeleteLink requests","us-east-1","DeleteLink","Observability Access Manager","aws-solutions.quota-monitor","OK"
"ed457501-2ebc-4c2a-8a61-8cadb9d36e2c","2024-12-15T18:11:00.000Z","405142580014","0%","1735598780","100%","L-59022E75","Rate of GetMetricStream requests","ap-southeast-1","GetMetricStream","CloudWatch","aws-solutions.quota-monitor","OK"
"9b210eea-ff7c-414f-8b15-5e8d69d8bf40","2024-12-14T04:14:00.000Z","301664410103","0%","1735563982","100%","L-7278F198","StartThingRegistrationTask API TPS","ap-southeast-1","StartThingRegistrationTask","IoT","aws-solutions.quota-monitor","OK"
"42cb7257-a954-4007-ba18-4b385b12cc97","2024-12-13T20:15:00.000Z","301664410103","0%","1735466780","100%","L-7AE60458","Request rate for AssociateCertificate","us-east-1","AssociateCertificate","MediaConvert","aws-solutions.quota-monitor","OK"
"4fa12171-8787-4756-b85f-c12b64750657","2024-12-15T19:11:00.000Z","405142580014","0%","1735597281","100%","L-B6C4D57E","Rate of ListTagsForResource requests","ap-southeast-1","ListTagsForResource","CloudWatch","aws-solutions.quota-monitor","OK"
"941f4d03-3043-481f-b166-6a525cc734ee","2024-12-14T13:11:00.000Z","405142580014","0%","1735584381","100%","L-1E9F6637","DeleteFlowAlias requests per second","us-east-1","DeleteFlowAlias","Bedrock","aws-solutions.quota-monitor","OK"
"16b66536-4805-41ec-9c88-42af800ba3dc","2024-12-14T03:15:00.000Z","301664410103","0%","1735524080","100%","L-16E70933","Rate of BatchGetImage requests","us-east-1","BatchGetImage","ECR","aws-solutions.quota-monitor","OK"
"1f9bb955-c9b8-46b6-a83e-90b7e4089f4a","2024-12-13T17:11:00.000Z","405142580014","0%","1735428081","100%","L-86127B31","Throttle rate for TagResource","ap-southeast-1","TagResource","Service Quotas","aws-solutions.quota-monitor","OK"
"2eb7a038-8055-43ed-a453-4d2608952ee6","2024-12-14T03:11:00.000Z","405142580014","0%","1735486282","100%","L-59022E75","Rate of GetMetricStream requests","us-east-1","GetMetricStream","CloudWatch","aws-solutions.quota-monitor","OK"